{"title_changed": 0.28455137481910275, "abstract_changed": 0.0, "authors_changed": 0.23851302460202606, "num_revisions": 49124.0, "num_revisions_with_text": 5960.0}
