{"title_changed": 0.28833693304535635, "abstract_changed": 0.0, "authors_changed": 0.24123608572852634, "num_revisions": 54382.0, "num_revisions_with_text": 7048.0}
